Time_s,Vx_ms,Speed_kmh,Omega_rads,BrakePressure_MPa,BrakeTorque_Nm,Fx_N,F_brake_capacity_N,MotionSign,Regime,BrakeStaticLock,StaticLock,Kappa
0.0,-0.003559,-0.013,0.0,0.0,0.0,0.0,0.0,1.0,KINETIC,False,False,0.0
0.1,-0.088743,-0.319,0.0,0.0,0.0,1.92,0.0,1.0,KINETIC,False,False,0.127831
0.2,-0.173638,-0.625,0.0,0.0,0.0,3.16,0.0,-1.0,KINETIC,False,False,0.210969
0.3,-0.258243,-0.93,0.0,0.0,0.0,4.4,0.0,-1.0,KINETIC,False,False,0.293843
0.4,-0.342561,-1.233,0.0,0.0,0.0,5.64,0.0,-1.0,KINETIC,False,False,0.376436
0.5,-0.426591,-1.536,0.0,0.0,0.0,6.88,0.0,-1.0,KINETIC,False,False,0.458747
0.6,-0.512355,-1.844,0.0,5.0,3193.11,-13.13,7095.81,-1.0,KINETIC,False,False,-0.875883
0.7,-0.598367,-2.154,0.0,9.5,6066.92,-13.69,13482.04,-1.0,KINETIC,False,False,-0.913264
0.8,-0.684242,-2.463,0.0,9.5,6066.92,-13.53,13482.04,-1.0,KINETIC,False,False,-0.902997
0.9,-0.769951,-2.772,0.0,9.5,6066.92,-13.38,13482.04,-1.0,KINETIC,False,False,-0.89275
1.0,-0.855496,-3.08,0.0,9.5,6066.92,-13.23,13482.04,-1.0,KINETIC,False,False,-0.882524
1.1,-0.940875,-3.387,0.0,9.5,6066.92,-13.07,13482.04,-1.0,KINETIC,False,False,-0.872318
1.2,-1.026096,-3.694,0.0,9.5,6066.92,-12.93,13482.04,-1.0,KINETIC,False,False,-0.862483
1.3,-1.111264,-4.001,0.0,9.5,6066.92,-12.79,13482.04,-1.0,KINETIC,False,False,-0.853633
1.4,-1.196417,-4.307,0.0,9.5,6066.92,-12.66,13482.04,-1.0,KINETIC,False,False,-0.844784
1.5,-1.281554,-4.614,0.0,9.5,6066.92,-12.53,13482.04,-1.0,KINETIC,False,False,-0.835938
1.6,-1.366676,-4.92,0.0,9.5,6066.92,-12.4,13482.04,-1.0,KINETIC,False,False,-0.827093
1.7,-1.451783,-5.226,0.0,9.5,6066.92,-12.26,13482.04,-1.0,KINETIC,False,False,-0.81825
1.8,-1.536875,-5.533,0.0,9.5,6066.92,-12.13,13482.04,-1.0,KINETIC,False,False,-0.809409
1.9,-1.621951,-5.839,0.0,9.5,6066.92,-12.0,13482.04,-1.0,KINETIC,False,False,-0.800569
2.0,-1.707012,-6.145,0.0,9.5,6066.92,-11.87,13482.04,-1.0,KINETIC,False,False,-0.791731
2.1,-1.792058,-6.451,0.0,9.5,6066.92,-11.73,13482.04,-1.0,KINETIC,False,False,-0.782895
2.2,-1.877089,-6.758,0.0,9.5,6066.92,-11.6,13482.04,-1.0,KINETIC,False,False,-0.774061
2.3,-1.962104,-7.064,0.0,9.5,6066.92,-11.47,13482.04,-1.0,KINETIC,False,False,-0.765228
2.4,-2.047104,-7.37,0.0,9.5,6066.92,-11.34,13482.04,-1.0,KINETIC,False,False,-0.756398
2.5,-2.13209,-7.676,0.0,9.5,6066.92,-11.2,13482.04,-1.0,KINETIC,False,False,-0.747568
2.6,-2.217059,-7.981,0.0,9.5,6066.92,-11.07,13482.04,-1.0,KINETIC,False,False,-0.738741
2.7,-2.302014,-8.287,0.0,9.5,6066.92,-10.94,13482.04,-1.0,KINETIC,False,False,-0.729915
2.8,-2.386953,-8.593,0.0,9.5,6066.92,-10.81,13482.04,-1.0,KINETIC,False,False,-0.721092
2.9,-2.471878,-8.899,0.0,9.5,6066.92,-10.67,13482.04,-1.0,KINETIC,False,False,-0.712269
