Time_s,Vx_ms,Speed_kmh,Omega_r,BrkPres_MPa,BrkTq_Nm,Fx_w_N,F_brkCap_N,F_net_N,MotSign,Regime,Kappa,BrkStLock,FxBreak
0.0,16.666667,60.0,36.937123,0.0,0.0,0.0,0.0,0.0,1.0,KINETIC,0.0,False,False
0.1,16.665133,59.994,36.850157,0.0,0.0,-40.4,0.0,0.0,1.0,KINETIC,-0.00063,False,False
0.2,16.650642,59.942,36.817933,0.0,0.0,-40.4,0.0,0.0,1.0,KINETIC,-0.00063,False,False
0.3,16.636151,59.89,36.78571,0.0,0.0,-40.4,0.0,0.0,1.0,KINETIC,-0.00063,False,False
0.4,16.621659,59.838,36.753486,0.0,0.0,-40.3,0.0,0.0,1.0,KINETIC,-0.00063,False,False
0.5,16.607168,59.786,36.721262,0.0,0.0,-40.3,0.0,0.0,1.0,KINETIC,-0.00063,False,False
0.6,16.191975,58.291,29.731657,5.0,3193.1,-6682.0,7095.8,-7095.8,1.0,KINETIC,-0.17114,False,True
0.7,15.751806,56.707,5.026283,9.5,6066.9,-3216.8,13482.0,-13482.0,1.0,KINETIC,-0.92,False,True
0.8,15.377482,55.359,5.026283,9.5,6066.9,-3216.8,13482.0,-13482.0,1.0,KINETIC,-0.92,False,True
0.9,15.003138,54.011,5.026283,9.5,6066.9,-3216.8,13482.0,-13482.0,1.0,KINETIC,-0.92,False,True
1.0,14.628776,52.664,5.026283,9.5,6066.9,-3216.8,13482.0,-13482.0,1.0,KINETIC,-0.92,False,True
1.1,14.254398,51.316,5.026283,9.5,6066.9,-3216.8,13482.0,-13482.0,1.0,KINETIC,-0.92,False,True
1.2,13.880005,49.968,5.026283,9.5,6066.9,-3216.8,13482.0,-13482.0,1.0,KINETIC,-0.92,False,True
1.3,13.505599,48.62,5.026283,9.5,6066.9,-3216.8,13482.0,-13482.0,1.0,KINETIC,-0.92,False,True
1.4,13.131183,47.272,5.026283,9.5,6066.9,-3216.8,13482.0,-13482.0,1.0,KINETIC,-0.92,False,True
1.5,12.756761,45.924,5.026283,9.5,6066.9,-3216.8,13482.0,-13482.0,1.0,KINETIC,-0.92,False,True
1.6,12.38234,44.576,5.026283,9.5,6066.9,-3216.8,13482.0,-13482.0,1.0,KINETIC,-0.92,False,True
1.7,12.007929,43.229,5.026283,9.5,6066.9,-3216.8,13482.0,-13482.0,1.0,KINETIC,-0.92,False,True
1.8,11.633551,41.881,5.026283,9.5,6066.9,-3216.8,13482.0,-13482.0,1.0,KINETIC,-0.92,False,True
1.9,11.259251,40.533,5.026283,9.5,6066.9,-3216.8,13482.0,-13482.0,1.0,KINETIC,-0.92,False,True
2.0,10.88514,39.187,5.026283,9.5,6066.9,-3216.8,13482.0,-13482.0,1.0,KINETIC,-0.92,False,True
2.1,10.511501,37.841,5.026283,9.5,6066.9,-3216.8,13482.0,-13482.0,1.0,KINETIC,-0.92,False,True
2.2,10.138421,36.498,5.026283,9.5,6066.9,-3216.8,13482.0,-13482.0,1.0,KINETIC,-0.92,False,True
2.3,9.764819,35.153,5.026283,9.5,6066.9,-3216.8,13482.0,-13482.0,1.0,KINETIC,-0.92,False,True
2.4,9.390815,33.807,5.026283,9.5,6066.9,-3216.8,13482.0,-13482.0,1.0,KINETIC,-0.92,False,True
2.5,9.016616,32.46,5.026283,9.5,6066.9,-3216.8,13482.0,-13482.0,1.0,KINETIC,-0.92,False,True
2.6,8.642288,31.112,5.026283,9.5,6066.9,-3216.8,13482.0,-13482.0,1.0,KINETIC,-0.92,False,True
2.7,8.26786,29.764,5.026283,9.5,6066.9,-3216.8,13482.0,-13482.0,1.0,KINETIC,-0.92,False,True
2.8,7.893352,28.416,5.026283,9.5,6066.9,-3216.8,13482.0,-13482.0,1.0,KINETIC,-0.92,False,True
2.9,7.518774,27.068,5.026283,9.5,6066.9,-3216.8,13482.0,-13482.0,1.0,KINETIC,-0.92,False,True
3.0,7.144133,25.719,5.026283,9.5,6066.9,-3216.8,13482.0,-13482.0,1.0,KINETIC,-0.92,False,True
3.1,6.767651,24.364,5.026283,9.5,6066.9,-3216.8,13482.0,-13482.0,1.0,KINETIC,-0.92,False,True
3.2,6.379935,22.968,5.026283,9.5,6066.9,-3216.8,13482.0,-13482.0,1.0,KINETIC,-0.92,False,True
3.3,6.003722,21.613,5.026283,9.5,6066.9,-3216.8,13482.0,-13482.0,1.0,KINETIC,-0.92,False,True
3.4,5.600852,20.163,5.026283,9.5,6066.9,-3216.8,13482.0,-13482.0,1.0,KINETIC,-0.92,False,True
3.5,5.24093,18.867,5.026283,9.5,6066.9,-3216.8,13482.0,-13482.0,1.0,KINETIC,-0.92,False,True
3.6,4.896087,17.626,5.026283,9.5,6066.9,-3216.8,13482.0,-13482.0,1.0,KINETIC,-0.92,False,True
3.7,4.486489,16.151,10.654455,9.5,6066.9,-6818.9,13482.0,-13482.0,1.0,KINETIC,-0.19662,False,True
3.8,4.141158,14.908,0.0,9.5,6066.9,-3216.8,13482.0,-13482.0,1.0,KINETIC,-0.92,False,True
3.9,3.777836,13.6,0.0,9.5,6066.9,-3216.8,13482.0,-13482.0,1.0,KINETIC,-0.92,False,True
4.0,3.406953,12.265,0.0,9.5,6066.9,-3216.8,13482.0,-13482.0,1.0,KINETIC,-0.92,False,True
4.1,3.012772,10.846,0.0,9.5,6066.9,-3216.8,13482.0,-13482.0,1.0,KINETIC,-0.92,False,True
4.2,2.676974,9.637,0.0,9.5,6066.9,-3216.8,13482.0,-13482.0,1.0,KINETIC,-0.92,False,True
4.3,2.260443,8.138,0.0,9.5,6066.9,-3216.8,13482.0,-13482.0,1.0,KINETIC,-0.92,False,True
4.4,1.907451,6.867,0.0,9.5,6066.9,-3216.8,13482.0,-13482.0,1.0,KINETIC,-0.92,False,True
4.5,1.542269,5.552,0.0,9.5,6066.9,-3216.8,13482.0,-13482.0,1.0,KINETIC,-0.92,False,True
4.6,1.194344,4.3,0.0,9.5,6066.9,-3216.8,13482.0,-13482.0,1.0,KINETIC,-0.92,False,True
4.7,0.825132,2.97,0.0,9.5,6066.9,-3216.8,13482.0,-13482.0,1.0,KINETIC,-0.92,False,True
4.8,0.459065,1.653,0.0,9.5,6066.9,-3216.8,13482.0,-13482.0,1.0,KINETIC,-0.92,False,True
4.9,0.062662,0.226,0.0,9.5,6066.9,-3216.8,13482.0,-13482.0,1.0,KINETIC,-0.92,False,True
5.0,0.0,0.0,0.0,9.5,6066.9,-0.0,13482.0,-13482.0,1.0,STATIC,0.0,True,True
5.1,0.0,0.0,0.0,9.5,6066.9,-0.0,13482.0,-13482.0,1.0,STATIC,0.0,True,True
5.2,0.0,0.0,0.0,9.5,6066.9,-0.0,13482.0,-13482.0,1.0,STATIC,0.0,True,True
5.3,0.0,0.0,0.0,9.5,6066.9,-0.0,13482.0,-13482.0,1.0,STATIC,0.0,True,True
5.4,0.0,0.0,0.0,9.5,6066.9,-0.0,13482.0,-13482.0,1.0,STATIC,0.0,True,True
5.5,0.0,0.0,0.0,9.5,6066.9,-0.0,13482.0,-13482.0,1.0,STATIC,0.0,True,True
5.6,0.0,0.0,0.0,9.5,6066.9,-0.0,13482.0,-13482.0,1.0,STATIC,0.0,True,True
5.7,0.0,0.0,0.0,9.5,6066.9,-0.0,13482.0,-13482.0,1.0,STATIC,0.0,True,True
5.8,0.0,0.0,0.0,9.5,6066.9,-0.0,13482.0,-13482.0,1.0,STATIC,0.0,True,True
5.9,0.0,0.0,0.0,9.5,6066.9,-0.0,13482.0,-13482.0,1.0,STATIC,0.0,True,True
6.0,0.0,0.0,0.0,9.5,6066.9,-0.0,13482.0,-13482.0,1.0,STATIC,0.0,True,True
