Time_s,Vx_ms,Speed_kmh,Omega_rear,Omega_front,BrakePressure_MPa,BrakeTorque_Nm,Fx_perWheel_N,F_brake_cap_N,MotionSign,Regime,Kappa,BrakeStaticLock
0.0,0.555556,2.0,1.134654,1.134654,0.0,0.0,0.0,0.0,1.0,KINETIC,0.0,False
0.1,0.67133,2.417,0.0,0.0,0.0,0.0,-2366.78,0.0,1.0,KINETIC,-0.038048,False
0.2,0.691182,2.488,-6.200382,-6.200382,0.0,0.0,-3216.82,0.0,1.0,KINETIC,-0.92,False
0.3,0.722674,2.602,-6.089863,-6.089863,0.0,0.0,3748.62,0.0,1.0,KINETIC,0.063578,False
0.4,0.662643,2.386,0.0,0.0,0.0,0.0,-3216.82,0.0,1.0,KINETIC,-0.92,False
0.5,0.671908,2.419,-3.695558,-3.695558,0.0,0.0,2221.93,0.0,1.0,KINETIC,0.035584,False
0.6,0.547809,1.972,0.0,0.0,5.0,3193.11,-3216.82,7095.81,1.0,KINETIC,-0.92,False
0.7,0.0,0.0,0.0,0.0,10.0,6386.23,-0.0,14191.62,1.0,STATIC,0.0,True
0.8,0.0,0.0,0.0,0.0,12.0,7663.48,-0.0,17029.95,1.0,STATIC,0.0,True
0.9,0.0,0.0,0.0,0.0,12.0,7663.48,-0.0,17029.95,1.0,STATIC,0.0,True
1.0,0.0,0.0,0.0,0.0,12.0,7663.48,-0.0,17029.95,1.0,STATIC,0.0,True
1.1,0.0,0.0,0.0,0.0,12.0,7663.48,-0.0,17029.95,1.0,STATIC,0.0,True
1.2,0.0,0.0,0.0,0.0,12.0,7663.48,-0.0,17029.95,1.0,STATIC,0.0,True
1.3,0.0,0.0,0.0,0.0,12.0,7663.48,-0.0,17029.95,1.0,STATIC,0.0,True
1.4,0.0,0.0,0.0,0.0,12.0,7663.48,-0.0,17029.95,1.0,STATIC,0.0,True
1.5,0.0,0.0,0.0,0.0,12.0,7663.48,-0.0,17029.95,1.0,STATIC,0.0,True
1.6,0.0,0.0,0.0,0.0,12.0,7663.48,-0.0,17029.95,1.0,STATIC,0.0,True
1.7,0.0,0.0,0.0,0.0,12.0,7663.48,-0.0,17029.95,1.0,STATIC,0.0,True
1.8,0.0,0.0,0.0,0.0,12.0,7663.48,-0.0,17029.95,1.0,STATIC,0.0,True
1.9,0.0,0.0,0.0,0.0,12.0,7663.48,-0.0,17029.95,1.0,STATIC,0.0,True
2.0,0.0,0.0,0.0,0.0,12.0,7663.48,-0.0,17029.95,1.0,STATIC,0.0,True
2.1,0.0,0.0,0.0,0.0,12.0,7663.48,-0.0,17029.95,1.0,STATIC,0.0,True
2.2,0.0,0.0,0.0,0.0,12.0,7663.48,-0.0,17029.95,1.0,STATIC,0.0,True
2.3,0.0,0.0,0.0,0.0,12.0,7663.48,-0.0,17029.95,1.0,STATIC,0.0,True
2.4,0.0,0.0,0.0,0.0,12.0,7663.48,-0.0,17029.95,1.0,STATIC,0.0,True
2.5,0.0,0.0,0.0,0.0,12.0,7663.48,-0.0,17029.95,1.0,STATIC,0.0,True
2.6,0.0,0.0,0.0,0.0,12.0,7663.48,-0.0,17029.95,1.0,STATIC,0.0,True
2.7,0.0,0.0,0.0,0.0,12.0,7663.48,-0.0,17029.95,1.0,STATIC,0.0,True
2.8,0.0,0.0,0.0,0.0,12.0,7663.48,-0.0,17029.95,1.0,STATIC,0.0,True
2.9,0.0,0.0,0.0,0.0,12.0,7663.48,-0.0,17029.95,1.0,STATIC,0.0,True
