Timestamp,PlayerName,IsServer,IsLocalController,VehicleName,HasOwner,HasNetConnection,LocalRole,RemoteRole,Ping_ms,Throttle,Brake,Steering,LocationX,LocationY,LocationZ,VelX,VelY,VelZ,Speed_kmh,PacketsSent,PacketsReceived,BytesSent,BytesReceived
0.077,VehicleControllerBP_C_0,1,1,V_1_C_0,1,0,Authority,SimulatedProxy,0.0,0.000,0.000,0.000,-2490.9,1686.8,60.1,0.0,0.0,0.0,0.0,0,0,0.0,0.0
0.477,VehicleControllerBP_C_0,1,1,V_1_C_0,1,0,Authority,SimulatedProxy,0.0,0.000,0.000,0.000,-2490.9,1686.8,58.1,0.0,-0.0,-35.6,1.3,0,0,0.0,0.0
0.613,VehicleControllerBP_C_0,1,1,V_1_C_0,1,0,Authority,SimulatedProxy,0.0,0.000,0.000,0.000,-2490.9,1686.8,55.4,-0.0,0.0,-16.9,0.6,0,0,0.0,0.0
0.672,VehicleControllerBP_C_0,1,1,V_1_C_0,1,0,Authority,SimulatedProxy,0.0,0.000,0.000,0.000,-2490.9,1686.8,54.7,0.0,-0.0,-0.1,0.0,0,0,0.0,0.0
0.725,VehicleControllerBP_C_0,1,1,V_1_C_0,1,0,Authority,SimulatedProxy,0.0,0.000,0.000,0.000,-2490.9,1686.8,54.8,-0.0,0.0,2.0,0.1,0,0,0.0,0.0
0.784,VehicleControllerBP_C_0,1,1,V_1_C_0,1,0,Authority,SimulatedProxy,0.0,0.000,0.000,0.000,-2490.9,1686.8,54.9,-0.0,0.0,2.1,0.1,0,0,0.0,0.0
0.866,VehicleControllerBP_C_0,1,1,V_1_C_0,1,0,Authority,SimulatedProxy,0.0,0.000,0.000,0.000,-2490.9,1686.8,55.0,0.0,-0.0,1.4,0.1,0,0,0.0,0.0
0.945,VehicleControllerBP_C_0,1,1,V_1_C_0,1,0,Authority,SimulatedProxy,0.0,0.000,0.000,0.000,-2490.9,1686.8,55.1,0.0,0.0,0.0,0.0,0,0,0.0,0.0
1.031,VehicleControllerBP_C_0,1,1,V_1_C_0,1,0,Authority,SimulatedProxy,0.0,0.000,0.000,0.000,-2490.9,1686.8,55.1,0.0,0.0,0.0,0.0,0,0,0.0,0.0
1.123,VehicleControllerBP_C_0,1,1,V_1_C_0,1,0,Authority,SimulatedProxy,0.0,0.000,0.000,0.000,-2490.9,1686.8,55.1,0.0,0.0,0.0,0.0,0,0,0.0,0.0
1.208,VehicleControllerBP_C_0,1,1,V_1_C_0,1,0,Authority,SimulatedProxy,0.0,0.000,0.000,0.000,-2490.9,1686.8,55.1,0.0,0.0,0.0,0.0,0,0,0.0,0.0
1.292,VehicleControllerBP_C_0,1,1,V_1_C_0,1,0,Authority,SimulatedProxy,0.0,0.000,0.000,0.000,-2490.9,1686.8,55.1,0.0,0.0,0.0,0.0,0,0,0.0,0.0
1.370,VehicleControllerBP_C_0,1,1,V_1_C_0,1,0,Authority,SimulatedProxy,0.0,0.000,0.000,0.000,-2490.9,1686.8,55.1,0.0,0.0,0.0,0.0,0,0,0.0,0.0
1.445,VehicleControllerBP_C_0,1,1,V_1_C_0,1,0,Authority,SimulatedProxy,0.0,0.000,0.000,0.000,-2490.9,1686.8,55.1,0.0,0.0,0.0,0.0,0,0,0.0,0.0
1.513,VehicleControllerBP_C_0,1,1,V_1_C_0,1,0,Authority,SimulatedProxy,0.0,0.000,0.000,0.000,-2490.9,1686.8,55.1,0.0,0.0,0.0,0.0,0,0,0.0,0.0
1.588,VehicleControllerBP_C_0,1,1,V_1_C_0,1,0,Authority,SimulatedProxy,0.0,0.000,0.000,0.000,-2490.9,1686.8,55.1,0.0,0.0,0.0,0.0,0,0,0.0,0.0
1.678,VehicleControllerBP_C_0,1,1,V_1_C_0,1,0,Authority,SimulatedProxy,0.0,0.000,0.000,0.000,-2490.9,1686.8,55.1,0.0,0.0,0.0,0.0,0,0,0.0,0.0
1.816,VehicleControllerBP_C_1,1,0,V_1_C_1,1,1,Authority,AutonomousProxy,0.0,0.000,0.000,0.000,-2490.9,526.8,60.1,0.0,0.0,0.0,0.0,4,5,0.0,0.0
1.816,VehicleControllerBP_C_0,1,1,V_1_C_0,1,0,Authority,SimulatedProxy,0.0,0.000,0.000,0.000,-2490.9,1686.8,55.1,0.0,0.0,0.0,0.0,0,0,0.0,0.0
1.963,VehicleControllerBP_C_1,1,0,V_1_C_1,1,1,Authority,AutonomousProxy,0.0,0.000,0.000,0.000,-2490.9,526.8,57.3,0.0,-0.0,-34.1,1.2,5,6,0.0,0.0
1.963,VehicleControllerBP_C_0,1,1,V_1_C_0,1,0,Authority,SimulatedProxy,0.0,0.000,0.000,0.000,-2490.9,1686.8,55.1,0.0,0.0,0.0,0.0,0,0,0.0,0.0
0.375,VehicleControllerBP_C_0,0,1,V_1_C_0,1,1,AutonomousProxy,Authority,0.0,0.000,0.000,0.000,-2490.9,526.8,55.0,0.0,0.0,0.0,0.0,6,7,0.0,0.0
2.151,VehicleControllerBP_C_1,1,0,V_1_C_1,1,1,Authority,AutonomousProxy,0.0,0.000,0.000,0.000,-2490.9,526.8,55.0,0.0,-0.0,-11.5,0.4,7,7,0.0,0.0
2.151,VehicleControllerBP_C_0,1,1,V_1_C_0,1,0,Authority,SimulatedProxy,0.0,0.000,0.000,0.000,-2490.9,1686.8,55.1,0.0,0.0,0.0,0.0,0,0,0.0,0.0
0.562,VehicleControllerBP_C_0,0,1,V_1_C_0,1,1,AutonomousProxy,Authority,0.0,0.000,0.000,0.000,-2490.9,526.8,54.7,0.0,0.0,0.0,0.0,7,8,0.0,0.0
2.265,VehicleControllerBP_C_1,1,0,V_1_C_1,1,1,Authority,AutonomousProxy,0.0,0.000,0.000,0.000,-2490.9,526.8,54.7,-0.0,0.0,1.2,0.0,8,8,0.0,0.0
2.265,VehicleControllerBP_C_0,1,1,V_1_C_0,1,0,Authority,SimulatedProxy,0.0,0.000,0.000,0.000,-2490.9,1686.8,55.1,0.0,0.0,0.0,0.0,0,0,0.0,0.0
0.677,VehicleControllerBP_C_0,0,1,V_1_C_0,1,1,AutonomousProxy,Authority,0.0,0.000,0.000,0.000,-2490.9,526.8,54.9,-0.0,0.0,-22.3,0.8,8,9,0.0,0.0
2.378,VehicleControllerBP_C_1,1,0,V_1_C_1,1,1,Authority,AutonomousProxy,0.0,0.000,0.000,0.000,-2490.9,526.8,54.9,-0.0,0.0,2.0,0.1,9,9,0.0,0.0
2.378,VehicleControllerBP_C_0,1,1,V_1_C_0,1,0,Authority,SimulatedProxy,0.0,0.000,0.000,0.000,-2490.9,1686.8,55.1,0.0,0.0,0.0,0.0,0,0,0.0,0.0
0.790,VehicleControllerBP_C_0,0,1,V_1_C_0,1,1,AutonomousProxy,Authority,0.0,0.000,0.000,0.000,-2490.9,526.8,55.1,0.0,0.0,-3.1,0.1,9,10,0.0,0.0
2.485,VehicleControllerBP_C_1,1,0,V_1_C_1,1,1,Authority,AutonomousProxy,0.0,0.000,0.000,0.000,-2490.9,526.8,55.1,0.0,0.0,0.0,0.0,10,10,0.0,0.0
2.485,VehicleControllerBP_C_0,1,1,V_1_C_0,1,0,Authority,SimulatedProxy,0.0,0.000,0.000,0.000,-2490.9,1686.8,55.1,0.0,0.0,0.0,0.0,0,0,0.0,0.0
0.897,VehicleControllerBP_C_0,0,1,V_1_C_0,1,1,AutonomousProxy,Authority,0.0,0.000,0.000,0.000,-2490.9,526.8,54.9,0.0,-0.0,2.0,0.1,10,11,0.0,0.0
2.620,VehicleControllerBP_C_1,1,0,V_1_C_1,1,1,Authority,AutonomousProxy,0.0,0.000,0.000,0.000,-2490.9,526.8,55.1,0.0,0.0,0.0,0.0,1,1,2547.0,588.0
2.620,VehicleControllerBP_C_0,1,1,V_1_C_0,1,0,Authority,SimulatedProxy,0.0,0.000,0.000,0.000,-2490.9,1686.8,55.1,0.0,0.0,0.0,0.0,0,0,0.0,0.0
1.032,VehicleControllerBP_C_0,0,1,V_1_C_0,1,1,AutonomousProxy,Authority,0.0,0.000,0.000,0.000,-2490.9,526.8,55.1,0.0,-0.0,1.2,0.0,1,1,546.0,2477.0
2.716,VehicleControllerBP_C_1,1,0,V_1_C_1,1,1,Authority,AutonomousProxy,0.0,0.000,0.000,0.000,-2490.9,526.8,55.1,0.0,0.0,0.0,0.0,2,2,2547.0,588.0
2.716,VehicleControllerBP_C_0,1,1,V_1_C_0,1,0,Authority,SimulatedProxy,0.0,0.000,0.000,0.000,-2490.9,1686.8,55.1,0.0,0.0,0.0,0.0,0,0,0.0,0.0
1.128,VehicleControllerBP_C_0,0,1,V_1_C_0,1,1,AutonomousProxy,Authority,116.8,0.287,0.000,0.239,-2490.9,526.8,55.1,0.0,0.0,0.0,0.0,2,2,546.0,2477.0
2.817,VehicleControllerBP_C_1,1,0,V_1_C_1,1,1,Authority,AutonomousProxy,0.0,0.000,0.000,0.000,-2490.9,526.8,55.1,0.0,0.0,0.0,0.0,3,3,2547.0,588.0
2.817,VehicleControllerBP_C_0,1,1,V_1_C_0,1,0,Authority,SimulatedProxy,0.0,0.000,0.000,0.000,-2490.9,1686.8,55.1,0.0,0.0,0.0,0.0,0,0,0.0,0.0
1.229,VehicleControllerBP_C_0,0,1,V_1_C_0,1,1,AutonomousProxy,Authority,116.8,0.503,0.000,0.431,-2490.9,526.8,55.1,0.0,0.0,0.0,0.0,3,3,546.0,2477.0
2.947,VehicleControllerBP_C_1,1,0,V_1_C_1,1,1,Authority,AutonomousProxy,111.7,0.000,0.000,0.000,-2490.9,526.8,55.1,0.0,0.0,0.0,0.0,4,4,2547.0,588.0
2.947,VehicleControllerBP_C_0,1,1,V_1_C_0,1,0,Authority,SimulatedProxy,0.0,0.000,0.000,0.000,-2490.9,1686.8,55.1,0.0,0.0,0.0,0.0,0,0,0.0,0.0
1.358,VehicleControllerBP_C_0,0,1,V_1_C_0,1,1,AutonomousProxy,Authority,116.8,0.696,0.000,0.616,-2490.9,526.8,55.1,0.0,0.0,0.0,0.0,4,4,546.0,2477.0
3.073,VehicleControllerBP_C_1,1,0,V_1_C_1,1,1,Authority,AutonomousProxy,111.7,0.000,0.000,0.000,-2490.9,526.8,55.1,0.0,0.0,0.0,0.0,5,5,2547.0,588.0
3.073,VehicleControllerBP_C_0,1,1,V_1_C_0,1,0,Authority,SimulatedProxy,0.0,0.000,0.000,0.000,-2490.9,1686.8,55.1,0.0,0.0,0.0,0.0,0,0,0.0,0.0
1.484,VehicleControllerBP_C_0,0,1,V_1_C_0,1,1,AutonomousProxy,Authority,116.8,0.811,0.000,0.737,-2490.9,526.8,55.1,0.0,0.0,0.0,0.0,5,5,546.0,2477.0
3.203,VehicleControllerBP_C_1,1,0,V_1_C_1,1,1,Authority,AutonomousProxy,111.7,0.000,0.000,0.000,-2490.9,526.8,55.1,0.0,0.0,0.0,0.0,6,6,2547.0,588.0
3.203,VehicleControllerBP_C_0,1,1,V_1_C_0,1,0,Authority,SimulatedProxy,0.0,0.000,0.000,0.000,-2490.9,1686.8,55.1,0.0,0.0,0.0,0.0,0,0,0.0,0.0
1.614,VehicleControllerBP_C_0,0,1,V_1_C_0,1,1,AutonomousProxy,Authority,116.8,0.885,0.000,0.822,-2490.9,526.8,55.1,0.0,0.0,0.0,0.0,6,6,546.0,2477.0
3.327,VehicleControllerBP_C_1,1,0,V_1_C_1,1,1,Authority,AutonomousProxy,111.7,0.000,0.000,0.000,-2490.9,526.8,55.1,0.0,0.0,0.0,0.0,7,7,2547.0,588.0
3.327,VehicleControllerBP_C_0,1,1,V_1_C_0,1,0,Authority,SimulatedProxy,0.0,0.000,0.000,0.000,-2490.9,1686.8,55.1,0.0,0.0,0.0,0.0,0,0,0.0,0.0
1.739,VehicleControllerBP_C_0,0,1,V_1_C_0,1,1,AutonomousProxy,Authority,116.8,0.928,0.000,0.878,-2490.9,526.8,55.1,0.0,0.0,0.0,0.0,7,7,546.0,2477.0
3.458,VehicleControllerBP_C_1,1,0,V_1_C_1,1,1,Authority,AutonomousProxy,111.7,0.000,0.000,0.000,-2490.9,526.8,55.1,0.0,0.0,0.0,0.0,8,8,2547.0,588.0
3.458,VehicleControllerBP_C_0,1,1,V_1_C_0,1,0,Authority,SimulatedProxy,0.0,0.000,0.000,0.000,-2490.9,1686.8,55.1,0.0,0.0,0.0,0.0,0,0,0.0,0.0
1.869,VehicleControllerBP_C_0,0,1,V_1_C_0,1,1,AutonomousProxy,Authority,116.8,0.956,0.000,0.918,-2490.9,526.8,55.1,0.0,0.0,0.0,0.0,8,8,546.0,2477.0
3.590,VehicleControllerBP_C_1,1,0,V_1_C_1,1,1,Authority,AutonomousProxy,111.7,0.000,0.000,0.000,-2490.9,526.8,55.1,0.0,0.0,0.0,0.0,9,9,2547.0,588.0
3.590,VehicleControllerBP_C_0,1,1,V_1_C_0,1,0,Authority,SimulatedProxy,0.0,0.000,0.000,0.000,-2490.9,1686.8,55.1,0.0,0.0,0.0,0.0,0,0,0.0,0.0
2.002,VehicleControllerBP_C_0,0,1,V_1_C_0,1,1,AutonomousProxy,Authority,116.8,0.973,0.000,0.945,-2490.9,526.8,55.1,0.0,0.0,0.0,0.0,9,9,546.0,2477.0
3.712,VehicleControllerBP_C_1,1,0,V_1_C_1,1,1,Authority,AutonomousProxy,111.7,0.000,0.000,0.000,-2490.9,526.8,55.1,0.0,0.0,0.0,0.0,1,1,498.0,579.0
3.712,VehicleControllerBP_C_0,1,1,V_1_C_0,1,0,Authority,SimulatedProxy,0.0,0.000,0.000,0.000,-2490.9,1686.8,55.1,0.0,0.0,0.0,0.0,0,0,0.0,0.0
2.124,VehicleControllerBP_C_0,0,1,V_1_C_0,1,1,AutonomousProxy,Authority,116.8,0.983,0.000,0.962,-2490.9,526.8,55.1,0.0,0.0,0.0,0.0,1,1,576.0,432.0
3.850,VehicleControllerBP_C_1,1,0,V_1_C_1,1,1,Authority,AutonomousProxy,111.7,0.000,0.000,0.000,-2490.9,526.8,55.1,0.0,0.0,0.0,0.0,2,2,498.0,579.0
3.850,VehicleControllerBP_C_0,1,1,V_1_C_0,1,0,Authority,SimulatedProxy,0.0,0.000,0.000,0.000,-2490.9,1686.8,55.1,0.0,0.0,0.0,0.0,0,0,0.0,0.0
2.262,VehicleControllerBP_C_0,0,1,V_1_C_0,1,1,AutonomousProxy,Authority,115.3,0.990,0.000,0.975,-2490.9,526.8,55.1,0.0,0.0,0.0,0.0,2,2,576.0,432.0
3.972,VehicleControllerBP_C_1,1,0,V_1_C_1,1,1,Authority,AutonomousProxy,106.5,0.000,0.000,0.000,-2490.9,526.8,55.1,0.0,0.0,0.0,0.0,3,3,498.0,579.0
3.972,VehicleControllerBP_C_0,1,1,V_1_C_0,1,0,Authority,SimulatedProxy,0.0,0.000,0.000,0.000,-2490.9,1686.8,55.1,0.0,0.0,0.0,0.0,0,0,0.0,0.0
2.384,VehicleControllerBP_C_0,0,1,V_1_C_0,1,1,AutonomousProxy,Authority,115.3,0.994,0.000,0.983,-2490.9,526.8,55.1,0.0,0.0,0.0,0.0,3,3,576.0,432.0
4.096,VehicleControllerBP_C_1,1,0,V_1_C_1,1,1,Authority,AutonomousProxy,106.5,0.000,0.000,0.000,-2490.9,526.8,55.1,0.0,0.0,0.0,0.0,4,4,498.0,579.0
4.096,VehicleControllerBP_C_0,1,1,V_1_C_0,1,0,Authority,SimulatedProxy,0.0,0.000,0.000,0.000,-2490.9,1686.8,55.1,0.0,0.0,0.0,0.0,0,0,0.0,0.0
2.508,VehicleControllerBP_C_0,0,1,V_1_C_0,1,1,AutonomousProxy,Authority,115.3,0.996,0.000,0.988,-2490.9,526.8,55.1,0.0,0.0,0.0,0.0,4,4,576.0,432.0
4.226,VehicleControllerBP_C_1,1,0,V_1_C_1,1,1,Authority,AutonomousProxy,106.5,0.000,0.000,0.000,-2490.9,526.8,55.1,0.0,0.0,0.0,0.0,5,5,498.0,579.0
4.226,VehicleControllerBP_C_0,1,1,V_1_C_0,1,0,Authority,SimulatedProxy,0.0,0.000,0.000,0.000,-2490.9,1686.8,55.1,0.0,0.0,0.0,0.0,0,0,0.0,0.0
2.638,VehicleControllerBP_C_0,0,1,V_1_C_0,1,1,AutonomousProxy,Authority,115.3,0.998,0.000,0.992,-2490.9,526.8,55.1,0.0,0.0,0.0,0.0,5,5,576.0,432.0
4.354,VehicleControllerBP_C_1,1,0,V_1_C_1,1,1,Authority,AutonomousProxy,106.5,0.000,0.000,0.000,-2490.9,526.8,55.1,0.0,0.0,0.0,0.0,6,6,498.0,579.0
4.354,VehicleControllerBP_C_0,1,1,V_1_C_0,1,0,Authority,SimulatedProxy,0.0,0.000,0.000,0.000,-2490.9,1686.8,55.1,0.0,0.0,0.0,0.0,0,0,0.0,0.0
2.766,VehicleControllerBP_C_0,0,1,V_1_C_0,1,1,AutonomousProxy,Authority,115.3,0.999,0.000,0.994,-2490.9,526.8,55.1,0.0,0.0,0.0,0.0,6,6,576.0,432.0
4.483,VehicleControllerBP_C_1,1,0,V_1_C_1,1,1,Authority,AutonomousProxy,106.5,0.000,0.000,0.000,-2490.9,526.8,55.1,0.0,0.0,0.0,0.0,7,7,498.0,579.0
4.483,VehicleControllerBP_C_0,1,1,V_1_C_0,1,0,Authority,SimulatedProxy,0.0,0.000,0.000,0.000,-2490.9,1686.8,55.1,0.0,0.0,0.0,0.0,0,0,0.0,0.0
2.895,VehicleControllerBP_C_0,0,1,V_1_C_0,1,1,AutonomousProxy,Authority,115.3,0.999,0.000,0.996,-2490.9,526.8,55.1,0.0,0.0,0.0,0.0,7,7,576.0,432.0
4.611,VehicleControllerBP_C_1,1,0,V_1_C_1,1,1,Authority,AutonomousProxy,106.5,0.000,0.000,0.000,-2490.9,526.8,55.1,0.0,0.0,0.0,0.0,8,8,498.0,579.0
4.611,VehicleControllerBP_C_0,1,1,V_1_C_0,1,0,Authority,SimulatedProxy,0.0,0.000,0.000,0.000,-2490.9,1686.8,55.1,0.0,0.0,0.0,0.0,0,0,0.0,0.0
3.023,VehicleControllerBP_C_0,0,1,V_1_C_0,1,1,AutonomousProxy,Authority,115.3,0.999,0.000,0.997,-2490.9,526.8,55.1,0.0,0.0,0.0,0.0,8,8,576.0,432.0
4.736,VehicleControllerBP_C_1,1,0,V_1_C_1,1,1,Authority,AutonomousProxy,106.5,0.000,0.000,0.000,-2490.9,526.8,55.1,0.0,0.0,0.0,0.0,1,1,416.0,605.0
4.736,VehicleControllerBP_C_0,1,1,V_1_C_0,1,0,Authority,SimulatedProxy,0.0,0.000,0.000,0.000,-2490.9,1686.8,55.1,0.0,0.0,0.0,0.0,0,0,0.0,0.0
3.148,VehicleControllerBP_C_0,0,1,V_1_C_0,1,1,AutonomousProxy,Authority,115.3,1.000,0.000,0.374,-2490.9,526.8,55.1,0.0,0.0,0.0,0.0,1,1,608.0,419.0
4.869,VehicleControllerBP_C_1,1,0,V_1_C_1,1,1,Authority,AutonomousProxy,106.5,0.000,0.000,0.000,-2490.9,526.8,55.1,0.0,0.0,0.0,0.0,2,2,416.0,605.0
4.869,VehicleControllerBP_C_0,1,1,V_1_C_0,1,0,Authority,SimulatedProxy,0.0,0.000,0.000,0.000,-2490.9,1686.8,55.1,0.0,0.0,0.0,0.0,0,0,0.0,0.0
3.280,VehicleControllerBP_C_0,0,1,V_1_C_0,1,1,AutonomousProxy,Authority,118.1,1.000,0.000,-0.082,-2490.9,526.8,55.1,0.0,0.0,0.0,0.0,2,2,608.0,419.0
4.999,VehicleControllerBP_C_1,1,0,V_1_C_1,1,1,Authority,AutonomousProxy,105.3,0.000,0.000,0.000,-2490.9,526.8,55.1,0.0,0.0,0.0,0.0,3,3,416.0,605.0
4.999,VehicleControllerBP_C_0,1,1,V_1_C_0,1,0,Authority,SimulatedProxy,0.0,0.000,0.000,0.000,-2490.9,1686.8,55.1,0.0,0.0,0.0,0.0,0,0,0.0,0.0
3.411,VehicleControllerBP_C_0,0,1,V_1_C_0,1,1,AutonomousProxy,Authority,118.1,1.000,0.000,-0.382,-2490.9,526.8,55.1,0.0,0.0,0.0,0.0,3,3,608.0,419.0
5.122,VehicleControllerBP_C_1,1,0,V_1_C_1,1,1,Authority,AutonomousProxy,105.3,0.000,0.000,0.000,-2490.9,526.8,55.1,0.0,0.0,0.0,0.0,4,4,416.0,605.0
5.122,VehicleControllerBP_C_0,1,1,V_1_C_0,1,0,Authority,SimulatedProxy,0.0,0.000,0.000,0.000,-2490.9,1686.8,55.1,0.0,0.0,0.0,0.0,0,0,0.0,0.0
3.534,VehicleControllerBP_C_0,0,1,V_1_C_0,1,1,AutonomousProxy,Authority,118.1,1.000,0.000,-0.571,-2490.9,526.8,55.1,0.0,0.0,0.0,0.0,4,4,608.0,419.0
5.253,VehicleControllerBP_C_1,1,0,V_1_C_1,1,1,Authority,AutonomousProxy,105.3,0.000,0.000,0.000,-2490.9,526.8,55.1,0.0,0.0,0.0,0.0,5,5,416.0,605.0
5.253,VehicleControllerBP_C_0,1,1,V_1_C_0,1,0,Authority,SimulatedProxy,0.0,0.000,0.000,0.000,-2490.9,1686.8,55.1,0.0,0.0,0.0,0.0,0,0,0.0,0.0
3.664,VehicleControllerBP_C_0,0,1,V_1_C_0,1,1,AutonomousProxy,Authority,118.1,1.000,0.000,-0.711,-2490.9,526.8,55.1,0.0,0.0,0.0,0.0,5,5,608.0,419.0
5.381,VehicleControllerBP_C_1,1,0,V_1_C_1,1,1,Authority,AutonomousProxy,105.3,0.000,0.000,0.000,-2490.9,526.8,55.1,0.0,0.0,0.0,0.0,6,6,416.0,605.0
5.381,VehicleControllerBP_C_0,1,1,V_1_C_0,1,0,Authority,SimulatedProxy,0.0,0.000,0.000,0.000,-2490.9,1686.8,55.1,0.0,0.0,0.0,0.0,0,0,0.0,0.0
3.792,VehicleControllerBP_C_0,0,1,V_1_C_0,1,1,AutonomousProxy,Authority,118.1,1.000,0.000,-0.804,-2490.9,526.8,55.1,0.0,0.0,0.0,0.0,6,6,608.0,419.0
5.508,VehicleControllerBP_C_1,1,0,V_1_C_1,1,1,Authority,AutonomousProxy,105.3,0.000,0.000,0.000,-2490.9,526.8,55.1,0.0,0.0,0.0,0.0,7,7,416.0,605.0
5.508,VehicleControllerBP_C_0,1,1,V_1_C_0,1,0,Authority,SimulatedProxy,0.0,0.000,0.000,0.000,-2490.9,1686.8,55.1,0.0,0.0,0.0,0.0,0,0,0.0,0.0
3.919,VehicleControllerBP_C_0,0,1,V_1_C_0,1,1,AutonomousProxy,Authority,118.1,0.619,0.000,-0.866,-2490.9,526.8,55.1,0.0,0.0,0.0,0.0,7,7,608.0,419.0
5.634,VehicleControllerBP_C_1,1,0,V_1_C_1,1,1,Authority,AutonomousProxy,105.3,0.000,0.000,0.000,-2490.9,526.8,55.1,0.0,0.0,0.0,0.0,8,8,416.0,605.0
5.634,VehicleControllerBP_C_0,1,1,V_1_C_0,1,0,Authority,SimulatedProxy,0.0,0.000,0.000,0.000,-2490.9,1686.8,55.1,0.0,0.0,0.0,0.0,0,0,0.0,0.0
4.046,VehicleControllerBP_C_0,0,1,V_1_C_0,1,1,AutonomousProxy,Authority,118.1,0.384,0.000,-0.908,-2490.9,526.8,55.1,0.0,0.0,0.0,0.0,8,8,608.0,419.0
5.764,VehicleControllerBP_C_1,1,0,V_1_C_1,1,1,Authority,AutonomousProxy,105.3,0.000,0.000,0.000,-2490.9,526.8,55.1,0.0,0.0,0.0,0.0,1,1,528.0,602.0
5.764,VehicleControllerBP_C_0,1,1,V_1_C_0,1,0,Authority,SimulatedProxy,0.0,0.000,0.000,0.000,-2490.9,1686.8,55.1,0.0,0.0,0.0,0.0,0,0,0.0,0.0
4.176,VehicleControllerBP_C_0,0,1,V_1_C_0,1,1,AutonomousProxy,Authority,118.1,0.000,0.519,-0.938,-2490.9,526.8,55.1,0.0,0.0,0.0,0.0,1,1,601.0,528.0
5.888,VehicleControllerBP_C_1,1,0,V_1_C_1,1,1,Authority,AutonomousProxy,105.3,0.000,0.000,0.000,-2490.9,526.8,55.1,0.0,0.0,0.0,0.0,2,2,528.0,602.0
5.888,VehicleControllerBP_C_0,1,1,V_1_C_0,1,0,Authority,SimulatedProxy,0.0,0.000,0.000,0.000,-2490.9,1686.8,55.1,0.0,0.0,0.0,0.0,0,0,0.0,0.0
4.300,VehicleControllerBP_C_0,0,1,V_1_C_0,1,1,AutonomousProxy,Authority,118.7,0.000,0.758,-0.337,-2490.9,526.8,55.1,0.0,0.0,0.0,0.0,2,2,601.0,528.0
6.016,VehicleControllerBP_C_1,1,0,V_1_C_1,1,1,Authority,AutonomousProxy,105.2,0.000,0.000,0.000,-2490.9,526.8,55.1,0.0,0.0,0.0,0.0,3,3,528.0,602.0
6.016,VehicleControllerBP_C_0,1,1,V_1_C_0,1,0,Authority,SimulatedProxy,0.0,0.000,0.000,0.000,-2490.9,1686.8,55.1,0.0,0.0,0.0,0.0,0,0,0.0,0.0
4.428,VehicleControllerBP_C_0,0,1,V_1_C_0,1,1,AutonomousProxy,Authority,118.7,0.000,0.370,0.091,-2490.9,526.8,55.1,0.0,0.0,0.0,0.0,3,3,601.0,528.0
6.140,VehicleControllerBP_C_1,1,0,V_1_C_1,1,1,Authority,AutonomousProxy,105.2,0.000,0.000,0.000,-2490.9,526.8,55.1,0.0,0.0,0.0,0.0,4,4,528.0,602.0
6.140,VehicleControllerBP_C_0,1,1,V_1_C_0,1,0,Authority,SimulatedProxy,0.0,0.000,0.000,0.000,-2490.9,1686.8,55.1,0.0,0.0,0.0,0.0,0,0,0.0,0.0
4.552,VehicleControllerBP_C_0,0,1,V_1_C_0,1,1,AutonomousProxy,Authority,118.7,0.372,0.000,0.373,-2490.9,526.8,55.1,0.0,0.0,0.0,0.0,4,4,601.0,528.0
6.271,VehicleControllerBP_C_1,1,0,V_1_C_1,1,1,Authority,AutonomousProxy,105.2,0.000,0.000,0.000,-2490.9,526.8,55.1,0.0,0.0,0.0,0.0,5,5,528.0,602.0
6.271,VehicleControllerBP_C_0,1,1,V_1_C_0,1,0,Authority,SimulatedProxy,0.0,0.000,0.000,0.000,-2490.9,1686.8,55.1,0.0,0.0,0.0,0.0,0,0,0.0,0.0
4.682,VehicleControllerBP_C_0,0,1,V_1_C_0,1,1,AutonomousProxy,Authority,118.7,0.618,0.000,0.577,-2490.9,526.8,55.1,0.0,0.0,0.0,0.0,5,5,601.0,528.0
6.398,VehicleControllerBP_C_1,1,0,V_1_C_1,1,1,Authority,AutonomousProxy,105.2,0.000,0.000,0.000,-2490.9,526.8,55.1,0.0,0.0,0.0,0.0,6,6,528.0,602.0
6.398,VehicleControllerBP_C_0,1,1,V_1_C_0,1,0,Authority,SimulatedProxy,0.0,0.000,0.000,0.000,-2490.9,1686.8,55.1,0.0,0.0,0.0,0.0,0,0,0.0,0.0
4.809,VehicleControllerBP_C_0,0,1,V_1_C_0,1,1,AutonomousProxy,Authority,118.7,0.764,0.000,0.076,-2490.9,526.8,55.1,0.0,0.0,0.0,0.0,6,6,601.0,528.0
6.529,VehicleControllerBP_C_1,1,0,V_1_C_1,1,1,Authority,AutonomousProxy,105.2,0.000,0.000,0.000,-2490.9,526.8,55.1,0.0,0.0,0.0,0.0,7,7,528.0,602.0
6.529,VehicleControllerBP_C_0,1,1,V_1_C_0,1,0,Authority,SimulatedProxy,0.0,0.000,0.000,0.000,-2490.9,1686.8,55.1,0.0,0.0,0.0,0.0,0,0,0.0,0.0
4.941,VehicleControllerBP_C_0,0,1,V_1_C_0,1,1,AutonomousProxy,Authority,118.7,0.463,0.000,-0.277,-2490.9,526.8,55.1,0.0,0.0,0.0,0.0,7,7,601.0,528.0
6.654,VehicleControllerBP_C_1,1,0,V_1_C_1,1,1,Authority,AutonomousProxy,105.2,0.000,0.000,0.000,-2490.9,526.8,55.1,0.0,0.0,0.0,0.0,8,8,528.0,602.0
6.654,VehicleControllerBP_C_0,1,1,V_1_C_0,1,0,Authority,SimulatedProxy,0.0,0.000,0.000,0.000,-2490.9,1686.8,55.1,0.0,0.0,0.0,0.0,0,0,0.0,0.0
5.065,VehicleControllerBP_C_0,0,1,V_1_C_0,1,1,AutonomousProxy,Authority,118.7,0.000,0.499,-0.503,-2490.9,526.8,55.1,0.0,0.0,0.0,0.0,8,8,601.0,528.0
6.786,VehicleControllerBP_C_1,1,0,V_1_C_1,1,1,Authority,AutonomousProxy,105.2,0.000,0.000,0.000,-2490.9,526.8,55.1,0.0,0.0,0.0,0.0,1,1,416.0,605.0
6.786,VehicleControllerBP_C_0,1,1,V_1_C_0,1,0,Authority,SimulatedProxy,0.0,0.000,0.000,0.000,-2490.9,1686.8,55.1,0.0,0.0,0.0,0.0,0,0,0.0,0.0
5.198,VehicleControllerBP_C_0,0,1,V_1_C_0,1,1,AutonomousProxy,Authority,118.7,0.000,0.764,-0.005,-2490.9,526.8,55.1,0.0,0.0,0.0,0.0,1,1,603.0,415.0
6.908,VehicleControllerBP_C_1,1,0,V_1_C_1,1,1,Authority,AutonomousProxy,105.2,0.000,0.000,0.000,-2490.9,526.8,55.1,0.0,0.0,0.0,0.0,2,2,416.0,605.0
6.908,VehicleControllerBP_C_0,1,1,V_1_C_0,1,0,Authority,SimulatedProxy,0.0,0.000,0.000,0.000,-2490.9,1686.8,55.1,0.0,0.0,0.0,0.0,0,0,0.0,0.0
5.319,VehicleControllerBP_C_0,0,1,V_1_C_0,1,1,AutonomousProxy,Authority,119.4,0.000,0.393,0.301,-2490.9,526.8,55.1,0.0,0.0,0.0,0.0,2,2,603.0,415.0
7.039,VehicleControllerBP_C_1,1,0,V_1_C_1,1,1,Authority,AutonomousProxy,103.6,0.000,0.000,0.000,-2490.9,526.8,55.1,0.0,0.0,0.0,0.0,3,3,416.0,605.0
7.039,VehicleControllerBP_C_0,1,1,V_1_C_0,1,0,Authority,SimulatedProxy,0.0,0.000,0.000,0.000,-2490.9,1686.8,55.1,0.0,0.0,0.0,0.0,0,0,0.0,0.0
5.451,VehicleControllerBP_C_0,0,1,V_1_C_0,1,1,AutonomousProxy,Authority,119.4,0.394,0.000,0.530,-2490.9,526.8,55.1,0.0,0.0,0.0,0.0,3,3,603.0,415.0
7.168,VehicleControllerBP_C_1,1,0,V_1_C_1,1,1,Authority,AutonomousProxy,103.6,0.000,0.000,0.000,-2490.9,526.8,55.1,0.0,0.0,0.0,0.0,4,4,416.0,605.0
7.168,VehicleControllerBP_C_0,1,1,V_1_C_0,1,0,Authority,SimulatedProxy,0.0,0.000,0.000,0.000,-2490.9,1686.8,55.1,0.0,0.0,0.0,0.0,0,0,0.0,0.0
5.579,VehicleControllerBP_C_0,0,1,V_1_C_0,1,1,AutonomousProxy,Authority,119.4,0.628,0.000,0.681,-2490.9,526.8,55.1,0.0,0.0,0.0,0.0,4,4,603.0,415.0
7.293,VehicleControllerBP_C_1,1,0,V_1_C_1,1,1,Authority,AutonomousProxy,103.6,0.000,0.000,0.000,-2490.9,526.8,55.1,0.0,0.0,0.0,0.0,5,5,416.0,605.0
7.293,VehicleControllerBP_C_0,1,1,V_1_C_0,1,0,Authority,SimulatedProxy,0.0,0.000,0.000,0.000,-2490.9,1686.8,55.1,0.0,0.0,0.0,0.0,0,0,0.0,0.0
5.705,VehicleControllerBP_C_0,0,1,V_1_C_0,1,1,AutonomousProxy,Authority,119.4,0.768,0.000,0.781,-2490.9,526.8,55.1,0.0,0.0,0.0,0.0,5,5,603.0,415.0
7.422,VehicleControllerBP_C_1,1,0,V_1_C_1,1,1,Authority,AutonomousProxy,103.6,0.000,0.000,0.000,-2490.9,526.8,55.1,0.0,0.0,0.0,0.0,6,6,416.0,605.0
7.422,VehicleControllerBP_C_0,1,1,V_1_C_0,1,0,Authority,SimulatedProxy,0.0,0.000,0.000,0.000,-2490.9,1686.8,55.1,0.0,0.0,0.0,0.0,0,0,0.0,0.0
5.833,VehicleControllerBP_C_0,0,1,V_1_C_0,1,1,AutonomousProxy,Authority,119.4,0.857,0.000,0.851,-2490.9,526.8,55.1,0.0,0.0,0.0,0.0,6,6,603.0,415.0
7.548,VehicleControllerBP_C_1,1,0,V_1_C_1,1,1,Authority,AutonomousProxy,103.6,0.000,0.000,0.000,-2490.9,526.8,55.1,0.0,0.0,0.0,0.0,7,7,416.0,605.0
7.548,VehicleControllerBP_C_0,1,1,V_1_C_0,1,0,Authority,SimulatedProxy,0.0,0.000,0.000,0.000,-2490.9,1686.8,55.1,0.0,0.0,0.0,0.0,0,0,0.0,0.0
5.960,VehicleControllerBP_C_0,0,1,V_1_C_0,1,1,AutonomousProxy,Authority,119.4,0.911,0.000,0.898,-2490.9,526.8,55.1,0.0,0.0,0.0,0.0,7,7,603.0,415.0
7.677,VehicleControllerBP_C_1,1,0,V_1_C_1,1,1,Authority,AutonomousProxy,103.6,0.000,0.000,0.000,-2490.9,526.8,55.1,0.0,0.0,0.0,0.0,8,8,416.0,605.0
7.677,VehicleControllerBP_C_0,1,1,V_1_C_0,1,0,Authority,SimulatedProxy,0.0,0.000,0.000,0.000,-2490.9,1686.8,55.1,0.0,0.0,0.0,0.0,0,0,0.0,0.0
6.089,VehicleControllerBP_C_0,0,1,V_1_C_0,1,1,AutonomousProxy,Authority,119.4,0.946,0.000,0.931,-2490.9,526.8,55.1,0.0,0.0,0.0,0.0,8,8,603.0,415.0
7.813,VehicleControllerBP_C_1,1,0,V_1_C_1,1,1,Authority,AutonomousProxy,103.6,0.000,0.000,0.000,-2490.9,526.8,55.1,0.0,0.0,0.0,0.0,1,1,414.0,601.0
7.813,VehicleControllerBP_C_0,1,1,V_1_C_0,1,0,Authority,SimulatedProxy,0.0,0.000,0.000,0.000,-2490.9,1686.8,55.1,0.0,0.0,0.0,0.0,0,0,0.0,0.0
6.225,VehicleControllerBP_C_0,0,1,V_1_C_0,1,1,AutonomousProxy,Authority,119.4,0.968,0.000,0.275,-2490.9,526.8,55.1,0.0,0.0,0.0,0.0,1,1,603.0,415.0
7.932,VehicleControllerBP_C_1,1,0,V_1_C_1,1,1,Authority,AutonomousProxy,103.6,0.000,0.000,0.000,-2490.9,526.8,55.1,0.0,0.0,0.0,0.0,2,2,414.0,601.0
7.932,VehicleControllerBP_C_0,1,1,V_1_C_0,1,0,Authority,SimulatedProxy,0.0,0.000,0.000,0.000,-2490.9,1686.8,55.1,0.0,0.0,0.0,0.0,0,0,0.0,0.0
6.344,VehicleControllerBP_C_0,0,1,V_1_C_0,1,1,AutonomousProxy,Authority,121.1,0.979,0.000,-0.104,-2490.9,526.8,55.1,0.0,0.0,0.0,0.0,2,2,603.0,415.0
8.060,VehicleControllerBP_C_1,1,0,V_1_C_1,1,1,Authority,AutonomousProxy,104.6,0.000,0.000,0.000,-2490.9,526.8,55.1,0.0,0.0,0.0,0.0,3,3,414.0,601.0
8.060,VehicleControllerBP_C_0,1,1,V_1_C_0,1,0,Authority,SimulatedProxy,0.0,0.000,0.000,0.000,-2490.9,1686.8,55.1,0.0,0.0,0.0,0.0,0,0,0.0,0.0
6.472,VehicleControllerBP_C_0,0,1,V_1_C_0,1,1,AutonomousProxy,Authority,121.1,0.603,0.000,-0.391,-2490.9,526.8,55.1,0.0,0.0,0.0,0.0,3,3,603.0,415.0
8.188,VehicleControllerBP_C_1,1,0,V_1_C_1,1,1,Authority,AutonomousProxy,104.6,0.000,0.000,0.000,-2490.9,526.8,55.1,0.0,0.0,0.0,0.0,4,4,414.0,601.0
8.188,VehicleControllerBP_C_0,1,1,V_1_C_0,1,0,Authority,SimulatedProxy,0.0,0.000,0.000,0.000,-2490.9,1686.8,55.1,0.0,0.0,0.0,0.0,0,0,0.0,0.0
6.599,VehicleControllerBP_C_0,0,1,V_1_C_0,1,1,AutonomousProxy,Authority,121.1,0.000,0.509,-0.585,-2490.9,526.8,55.1,0.0,0.0,0.0,0.0,4,4,603.0,415.0
8.317,VehicleControllerBP_C_1,1,0,V_1_C_1,1,1,Authority,AutonomousProxy,104.6,0.000,0.000,0.000,-2490.9,526.8,55.1,0.0,0.0,0.0,0.0,5,5,414.0,601.0
8.317,VehicleControllerBP_C_0,1,1,V_1_C_0,1,0,Authority,SimulatedProxy,0.0,0.000,0.000,0.000,-2490.9,1686.8,55.1,0.0,0.0,0.0,0.0,0,0,0.0,0.0
6.728,VehicleControllerBP_C_0,0,1,V_1_C_0,1,1,AutonomousProxy,Authority,121.1,0.000,0.762,-0.719,-2490.9,526.8,55.1,0.0,0.0,0.0,0.0,5,5,603.0,415.0
8.444,VehicleControllerBP_C_1,1,0,V_1_C_1,1,1,Authority,AutonomousProxy,104.6,0.000,0.000,0.000,-2490.9,526.8,55.1,0.0,0.0,0.0,0.0,6,6,414.0,601.0
8.444,VehicleControllerBP_C_0,1,1,V_1_C_0,1,0,Authority,SimulatedProxy,0.0,0.000,0.000,0.000,-2490.9,1686.8,55.1,0.0,0.0,0.0,0.0,0,0,0.0,0.0
6.856,VehicleControllerBP_C_0,0,1,V_1_C_0,1,1,AutonomousProxy,Authority,121.1,0.000,0.883,-0.171,-2490.9,526.8,55.1,0.0,0.0,0.0,0.0,6,6,603.0,415.0
8.578,VehicleControllerBP_C_1,1,0,V_1_C_1,1,1,Authority,AutonomousProxy,104.6,0.000,0.000,0.000,-2490.9,526.8,55.1,0.0,0.0,0.0,0.0,7,7,414.0,601.0
8.578,VehicleControllerBP_C_0,1,1,V_1_C_0,1,0,Authority,SimulatedProxy,0.0,0.000,0.000,0.000,-2490.9,1686.8,55.1,0.0,0.0,0.0,0.0,0,0,0.0,0.0
6.990,VehicleControllerBP_C_0,0,1,V_1_C_0,1,1,AutonomousProxy,Authority,121.1,0.000,0.409,0.222,-2490.9,526.8,55.1,0.0,0.0,0.0,0.0,7,7,603.0,415.0
8.702,VehicleControllerBP_C_1,1,0,V_1_C_1,1,1,Authority,AutonomousProxy,104.6,0.000,0.000,0.000,-2490.9,526.8,55.1,0.0,0.0,0.0,0.0,8,8,414.0,601.0
8.702,VehicleControllerBP_C_0,1,1,V_1_C_0,1,0,Authority,SimulatedProxy,0.0,0.000,0.000,0.000,-2490.9,1686.8,55.1,0.0,0.0,0.0,0.0,0,0,0.0,0.0
7.113,VehicleControllerBP_C_0,0,1,V_1_C_0,1,1,AutonomousProxy,Authority,121.1,0.370,0.000,0.462,-2490.9,526.8,55.1,0.0,0.0,0.0,0.0,8,8,603.0,415.0
8.834,VehicleControllerBP_C_1,1,0,V_1_C_1,1,1,Authority,AutonomousProxy,104.6,0.000,0.000,0.000,-2490.9,526.8,55.1,0.0,0.0,0.0,0.0,1,1,413.0,600.0
8.834,VehicleControllerBP_C_0,1,1,V_1_C_0,1,0,Authority,SimulatedProxy,0.0,0.000,0.000,0.000,-2490.9,1686.8,55.1,0.0,0.0,0.0,0.0,0,0,0.0,0.0
7.245,VehicleControllerBP_C_0,0,1,V_1_C_0,1,1,AutonomousProxy,Authority,121.1,0.620,0.000,0.640,-2490.9,526.8,55.1,0.0,0.0,0.0,0.0,1,1,600.0,413.0
8.957,VehicleControllerBP_C_1,1,0,V_1_C_1,1,1,Authority,AutonomousProxy,104.6,0.000,0.000,0.000,-2490.9,526.8,55.1,0.0,0.0,0.0,0.0,2,2,413.0,600.0
8.957,VehicleControllerBP_C_0,1,1,V_1_C_0,1,0,Authority,SimulatedProxy,0.0,0.000,0.000,0.000,-2490.9,1686.8,55.1,0.0,0.0,0.0,0.0,0,0,0.0,0.0
7.368,VehicleControllerBP_C_0,0,1,V_1_C_0,1,1,AutonomousProxy,Authority,120.2,0.760,0.000,0.751,-2490.9,526.8,55.1,0.0,0.0,0.0,0.0,2,2,600.0,413.0
9.085,VehicleControllerBP_C_1,1,0,V_1_C_1,1,1,Authority,AutonomousProxy,104.9,0.000,0.000,0.000,-2490.9,526.8,55.1,0.0,0.0,0.0,0.0,3,3,413.0,600.0
9.085,VehicleControllerBP_C_0,1,1,V_1_C_0,1,0,Authority,SimulatedProxy,0.0,0.000,0.000,0.000,-2490.9,1686.8,55.1,0.0,0.0,0.0,0.0,0,0,0.0,0.0
7.497,VehicleControllerBP_C_0,0,1,V_1_C_0,1,1,AutonomousProxy,Authority,120.2,0.853,0.000,0.831,-2490.9,526.8,55.1,0.0,0.0,0.0,0.0,3,3,600.0,413.0
9.223,VehicleControllerBP_C_1,1,0,V_1_C_1,1,1,Authority,AutonomousProxy,104.9,0.000,0.000,0.000,-2490.9,526.8,55.1,0.0,0.0,0.0,0.0,4,4,413.0,600.0
9.223,VehicleControllerBP_C_0,1,1,V_1_C_0,1,0,Authority,SimulatedProxy,0.0,0.000,0.000,0.000,-2490.9,1686.8,55.1,0.0,0.0,0.0,0.0,0,0,0.0,0.0
7.635,VehicleControllerBP_C_0,0,1,V_1_C_0,1,1,AutonomousProxy,Authority,120.2,0.914,0.000,0.889,-2490.9,526.8,55.1,0.0,0.0,0.0,0.0,4,4,600.0,413.0
9.342,VehicleControllerBP_C_1,1,0,V_1_C_1,1,1,Authority,AutonomousProxy,104.9,0.000,0.000,0.000,-2490.9,526.8,55.1,0.0,0.0,0.0,0.0,5,5,413.0,600.0
9.342,VehicleControllerBP_C_0,1,1,V_1_C_0,1,0,Authority,SimulatedProxy,0.0,0.000,0.000,0.000,-2490.9,1686.8,55.1,0.0,0.0,0.0,0.0,0,0,0.0,0.0
7.753,VehicleControllerBP_C_0,0,1,V_1_C_0,1,1,AutonomousProxy,Authority,120.2,0.944,0.000,0.330,-2490.9,526.8,55.1,0.0,0.0,0.0,0.0,5,5,600.0,413.0
9.469,VehicleControllerBP_C_1,1,0,V_1_C_1,1,1,Authority,AutonomousProxy,104.9,0.000,0.000,0.000,-2490.9,526.8,55.1,0.0,0.0,0.0,0.0,6,6,413.0,600.0
9.469,VehicleControllerBP_C_0,1,1,V_1_C_0,1,0,Authority,SimulatedProxy,0.0,0.000,0.000,0.000,-2490.9,1686.8,55.1,0.0,0.0,0.0,0.0,0,0,0.0,0.0
7.881,VehicleControllerBP_C_0,0,1,V_1_C_0,1,1,AutonomousProxy,Authority,120.2,0.582,0.000,-0.095,-2490.9,526.8,55.1,0.0,0.0,0.0,0.0,6,6,600.0,413.0
9.597,VehicleControllerBP_C_1,1,0,V_1_C_1,1,1,Authority,AutonomousProxy,104.9,0.000,0.000,0.000,-2490.9,526.8,55.1,0.0,0.0,0.0,0.0,7,7,413.0,600.0
9.597,VehicleControllerBP_C_0,1,1,V_1_C_0,1,0,Authority,SimulatedProxy,0.0,0.000,0.000,0.000,-2490.9,1686.8,55.1,0.0,0.0,0.0,0.0,0,0,0.0,0.0
8.009,VehicleControllerBP_C_0,0,1,V_1_C_0,1,1,AutonomousProxy,Authority,120.2,0.359,0.000,-0.384,-2490.9,526.8,55.1,0.0,0.0,0.0,0.0,7,7,600.0,413.0
9.723,VehicleControllerBP_C_1,1,0,V_1_C_1,1,1,Authority,AutonomousProxy,104.9,0.000,0.000,0.000,-2490.9,526.8,55.1,0.0,0.0,0.0,0.0,8,8,413.0,600.0
9.723,VehicleControllerBP_C_0,1,1,V_1_C_0,1,0,Authority,SimulatedProxy,0.0,0.000,0.000,0.000,-2490.9,1686.8,55.1,0.0,0.0,0.0,0.0,0,0,0.0,0.0
8.134,VehicleControllerBP_C_0,0,1,V_1_C_0,1,1,AutonomousProxy,Authority,120.2,0.224,0.000,-0.577,-2490.9,526.8,55.1,0.0,0.0,0.0,0.0,8,8,600.0,413.0
9.856,VehicleControllerBP_C_1,1,0,V_1_C_1,1,1,Authority,AutonomousProxy,104.9,0.000,0.000,0.000,-2490.9,526.8,55.1,0.0,0.0,0.0,0.0,1,1,415.0,604.0
9.856,VehicleControllerBP_C_0,1,1,V_1_C_0,1,0,Authority,SimulatedProxy,0.0,0.000,0.000,0.000,-2490.9,1686.8,55.1,0.0,0.0,0.0,0.0,0,0,0.0,0.0
8.268,VehicleControllerBP_C_0,0,1,V_1_C_0,1,1,AutonomousProxy,Authority,120.2,0.134,0.000,-0.718,-2490.9,526.8,55.1,0.0,0.0,0.0,0.0,1,1,603.0,415.0
9.981,VehicleControllerBP_C_1,1,0,V_1_C_1,1,1,Authority,AutonomousProxy,104.9,0.000,0.000,0.000,-2490.9,526.8,55.1,0.0,0.0,0.0,0.0,2,2,415.0,604.0
9.981,VehicleControllerBP_C_0,1,1,V_1_C_0,1,0,Authority,SimulatedProxy,0.0,0.000,0.000,0.000,-2490.9,1686.8,55.1,0.0,0.0,0.0,0.0,0,0,0.0,0.0
8.392,VehicleControllerBP_C_0,0,1,V_1_C_0,1,1,AutonomousProxy,Authority,120.2,0.459,0.000,-0.806,-2490.9,526.8,55.1,0.0,0.0,0.0,0.0,2,2,603.0,415.0
10.107,VehicleControllerBP_C_1,1,0,V_1_C_1,1,1,Authority,AutonomousProxy,104.9,0.000,0.000,0.000,-2490.9,526.8,55.1,0.0,0.0,0.0,0.0,3,3,415.0,604.0
10.107,VehicleControllerBP_C_0,1,1,V_1_C_0,1,0,Authority,SimulatedProxy,0.0,0.000,0.000,0.000,-2490.9,1686.8,55.1,0.0,0.0,0.0,0.0,0,0,0.0,0.0
8.519,VehicleControllerBP_C_0,0,1,V_1_C_0,1,1,AutonomousProxy,Authority,120.2,0.664,0.000,-0.867,-2490.9,526.8,55.1,0.0,0.0,0.0,0.0,3,3,603.0,415.0
10.234,VehicleControllerBP_C_1,1,0,V_1_C_1,1,1,Authority,AutonomousProxy,104.9,0.000,0.000,0.000,-2490.9,526.8,55.1,0.0,0.0,0.0,0.0,4,4,415.0,604.0
10.234,VehicleControllerBP_C_0,1,1,V_1_C_0,1,0,Authority,SimulatedProxy,0.0,0.000,0.000,0.000,-2490.9,1686.8,55.1,0.0,0.0,0.0,0.0,0,0,0.0,0.0
8.646,VehicleControllerBP_C_0,0,1,V_1_C_0,1,1,AutonomousProxy,Authority,120.2,0.792,0.000,-0.910,-2490.9,526.8,55.1,0.0,0.0,0.0,0.0,4,4,603.0,415.0
10.363,VehicleControllerBP_C_1,1,0,V_1_C_1,1,1,Authority,AutonomousProxy,104.9,0.000,0.000,0.000,-2490.9,526.8,55.1,0.0,0.0,0.0,0.0,5,5,415.0,604.0
10.363,VehicleControllerBP_C_0,1,1,V_1_C_0,1,0,Authority,SimulatedProxy,0.0,0.000,0.000,0.000,-2490.9,1686.8,55.1,0.0,0.0,0.0,0.0,0,0,0.0,0.0
8.774,VehicleControllerBP_C_0,0,1,V_1_C_0,1,1,AutonomousProxy,Authority,120.2,0.872,0.000,-0.298,-2490.9,526.8,55.1,0.0,0.0,0.0,0.0,5,5,603.0,415.0
10.491,VehicleControllerBP_C_1,1,0,V_1_C_1,1,1,Authority,AutonomousProxy,104.9,0.000,0.000,0.000,-2490.9,526.8,55.1,0.0,0.0,0.0,0.0,6,6,415.0,604.0
10.491,VehicleControllerBP_C_0,1,1,V_1_C_0,1,0,Authority,SimulatedProxy,0.0,0.000,0.000,0.000,-2490.9,1686.8,55.1,0.0,0.0,0.0,0.0,0,0,0.0,0.0
8.902,VehicleControllerBP_C_0,0,1,V_1_C_0,1,1,AutonomousProxy,Authority,120.2,0.537,0.000,0.117,-2490.9,526.8,55.1,0.0,0.0,0.0,0.0,6,6,603.0,415.0
10.620,VehicleControllerBP_C_1,1,0,V_1_C_1,1,1,Authority,AutonomousProxy,104.9,0.000,0.000,0.000,-2490.9,526.8,55.1,0.0,0.0,0.0,0.0,7,7,415.0,604.0
10.620,VehicleControllerBP_C_0,1,1,V_1_C_0,1,0,Authority,SimulatedProxy,0.0,0.000,0.000,0.000,-2490.9,1686.8,55.1,0.0,0.0,0.0,0.0,0,0,0.0,0.0
9.031,VehicleControllerBP_C_0,0,1,V_1_C_0,1,1,AutonomousProxy,Authority,120.2,0.329,0.000,0.402,-2490.9,526.8,55.1,0.0,0.0,0.0,0.0,7,7,603.0,415.0
10.750,VehicleControllerBP_C_1,1,0,V_1_C_1,1,1,Authority,AutonomousProxy,104.9,0.000,0.000,0.000,-2490.9,526.8,55.1,0.0,0.0,0.0,0.0,8,8,415.0,604.0
10.750,VehicleControllerBP_C_0,1,1,V_1_C_0,1,0,Authority,SimulatedProxy,0.0,0.000,0.000,0.000,-2490.9,1686.8,55.1,0.0,0.0,0.0,0.0,0,0,0.0,0.0
9.161,VehicleControllerBP_C_0,0,1,V_1_C_0,1,1,AutonomousProxy,Authority,120.2,0.201,0.000,0.596,-2490.9,526.8,55.1,0.0,0.0,0.0,0.0,8,8,603.0,415.0
10.882,VehicleControllerBP_C_1,1,0,V_1_C_1,1,1,Authority,AutonomousProxy,104.9,0.000,0.000,0.000,-2490.9,526.8,55.1,0.0,0.0,0.0,0.0,1,1,411.0,597.0
10.882,VehicleControllerBP_C_0,1,1,V_1_C_0,1,0,Authority,SimulatedProxy,0.0,0.000,0.000,0.000,-2490.9,1686.8,55.1,0.0,0.0,0.0,0.0,0,0,0.0,0.0
9.294,VehicleControllerBP_C_0,0,1,V_1_C_0,1,1,AutonomousProxy,Authority,120.2,0.121,0.000,0.730,-2490.9,526.8,55.1,0.0,0.0,0.0,0.0,1,1,598.0,411.0
11.005,VehicleControllerBP_C_1,1,0,V_1_C_1,1,1,Authority,AutonomousProxy,104.9,0.000,0.000,0.000,-2490.9,526.8,55.1,0.0,0.0,0.0,0.0,2,2,411.0,597.0
11.005,VehicleControllerBP_C_0,1,1,V_1_C_0,1,0,Authority,SimulatedProxy,0.0,0.000,0.000,0.000,-2490.9,1686.8,55.1,0.0,0.0,0.0,0.0,0,0,0.0,0.0
9.416,VehicleControllerBP_C_0,0,1,V_1_C_0,1,1,AutonomousProxy,Authority,121.0,0.445,0.000,0.813,-2490.9,526.8,55.1,0.0,0.0,0.0,0.0,2,2,598.0,411.0
11.132,VehicleControllerBP_C_1,1,0,V_1_C_1,1,1,Authority,AutonomousProxy,105.0,0.000,0.000,0.000,-2490.9,526.8,55.1,0.0,0.0,0.0,0.0,3,3,411.0,597.0
11.132,VehicleControllerBP_C_0,1,1,V_1_C_0,1,0,Authority,SimulatedProxy,0.0,0.000,0.000,0.000,-2490.9,1686.8,55.1,0.0,0.0,0.0,0.0,0,0,0.0,0.0
9.544,VehicleControllerBP_C_0,0,1,V_1_C_0,1,1,AutonomousProxy,Authority,121.0,0.657,0.000,0.873,-2490.9,526.8,55.1,0.0,0.0,0.0,0.0,3,3,598.0,411.0
11.260,VehicleControllerBP_C_1,1,0,V_1_C_1,1,1,Authority,AutonomousProxy,105.0,0.000,0.000,0.000,-2490.9,526.8,55.1,0.0,0.0,0.0,0.0,4,4,411.0,597.0
11.260,VehicleControllerBP_C_0,1,1,V_1_C_0,1,0,Authority,SimulatedProxy,0.0,0.000,0.000,0.000,-2490.9,1686.8,55.1,0.0,0.0,0.0,0.0,0,0,0.0,0.0
9.672,VehicleControllerBP_C_0,0,1,V_1_C_0,1,1,AutonomousProxy,Authority,121.0,0.789,0.000,0.913,-2490.9,526.8,55.1,0.0,0.0,0.0,0.0,4,4,598.0,411.0
11.391,VehicleControllerBP_C_1,1,0,V_1_C_1,1,1,Authority,AutonomousProxy,105.0,0.000,0.000,0.000,-2490.9,526.8,55.1,0.0,0.0,0.0,0.0,5,5,411.0,597.0
11.391,VehicleControllerBP_C_0,1,1,V_1_C_0,1,0,Authority,SimulatedProxy,0.0,0.000,0.000,0.000,-2490.9,1686.8,55.1,0.0,0.0,0.0,0.0,0,0,0.0,0.0
9.802,VehicleControllerBP_C_0,0,1,V_1_C_0,1,1,AutonomousProxy,Authority,121.0,0.871,0.000,0.942,-2490.9,526.8,55.1,0.0,0.0,0.0,0.0,5,5,598.0,411.0
11.518,VehicleControllerBP_C_1,1,0,V_1_C_1,1,1,Authority,AutonomousProxy,105.0,0.000,0.000,0.000,-2490.9,526.8,55.1,0.0,0.0,0.0,0.0,6,6,411.0,597.0
11.518,VehicleControllerBP_C_0,1,1,V_1_C_0,1,0,Authority,SimulatedProxy,0.0,0.000,0.000,0.000,-2490.9,1686.8,55.1,0.0,0.0,0.0,0.0,0,0,0.0,0.0
9.930,VehicleControllerBP_C_0,0,1,V_1_C_0,1,1,AutonomousProxy,Authority,121.0,0.921,0.000,0.960,-2490.9,526.8,55.1,0.0,0.0,0.0,0.0,6,6,598.0,411.0
11.648,VehicleControllerBP_C_1,1,0,V_1_C_1,1,1,Authority,AutonomousProxy,105.0,0.000,0.000,0.000,-2490.9,526.8,55.1,0.0,0.0,0.0,0.0,7,7,411.0,597.0
11.648,VehicleControllerBP_C_0,1,1,V_1_C_0,1,0,Authority,SimulatedProxy,0.0,0.000,0.000,0.000,-2490.9,1686.8,55.1,0.0,0.0,0.0,0.0,0,0,0.0,0.0
10.060,VehicleControllerBP_C_0,0,1,V_1_C_0,1,1,AutonomousProxy,Authority,121.0,0.952,0.000,0.973,-2490.9,526.8,55.1,0.0,0.0,0.0,0.0,7,7,598.0,411.0
11.777,VehicleControllerBP_C_1,1,0,V_1_C_1,1,1,Authority,AutonomousProxy,105.0,0.000,0.000,0.000,-2490.9,526.8,55.1,0.0,0.0,0.0,0.0,8,8,411.0,597.0
11.777,VehicleControllerBP_C_0,1,1,V_1_C_0,1,0,Authority,SimulatedProxy,0.0,0.000,0.000,0.000,-2490.9,1686.8,55.1,0.0,0.0,0.0,0.0,0,0,0.0,0.0
10.189,VehicleControllerBP_C_0,0,1,V_1_C_0,1,1,AutonomousProxy,Authority,121.0,0.970,0.000,0.335,-2490.9,526.8,55.1,0.0,0.0,0.0,0.0,8,8,598.0,411.0
11.908,VehicleControllerBP_C_1,1,0,V_1_C_1,1,1,Authority,AutonomousProxy,105.0,0.000,0.000,0.000,-2490.9,526.8,55.1,0.0,0.0,0.0,0.0,1,1,405.0,589.0
11.908,VehicleControllerBP_C_0,1,1,V_1_C_0,1,0,Authority,SimulatedProxy,0.0,0.000,0.000,0.000,-2490.9,1686.8,55.1,0.0,0.0,0.0,0.0,0,0,0.0,0.0
10.320,VehicleControllerBP_C_0,0,1,V_1_C_0,1,1,AutonomousProxy,Authority,121.0,0.590,0.000,-0.101,-2490.9,526.8,55.1,0.0,0.0,0.0,0.0,1,1,583.0,401.0
12.031,VehicleControllerBP_C_1,1,0,V_1_C_1,1,1,Authority,AutonomousProxy,105.0,0.000,0.000,0.000,-2490.9,526.8,55.1,0.0,0.0,0.0,0.0,2,2,405.0,589.0
12.031,VehicleControllerBP_C_0,1,1,V_1_C_0,1,0,Authority,SimulatedProxy,0.0,0.000,0.000,0.000,-2490.9,1686.8,55.1,0.0,0.0,0.0,0.0,0,0,0.0,0.0
10.442,VehicleControllerBP_C_0,0,1,V_1_C_0,1,1,AutonomousProxy,Authority,122.3,0.000,0.491,-0.377,-2490.9,526.8,55.1,0.0,0.0,0.0,0.0,2,2,583.0,401.0
12.163,VehicleControllerBP_C_1,1,0,V_1_C_1,1,1,Authority,AutonomousProxy,104.6,0.000,0.000,0.000,-2490.9,526.8,55.1,0.0,0.0,0.0,0.0,3,3,405.0,589.0
12.163,VehicleControllerBP_C_0,1,1,V_1_C_0,1,0,Authority,SimulatedProxy,0.0,0.000,0.000,0.000,-2490.9,1686.8,55.1,0.0,0.0,0.0,0.0,0,0,0.0,0.0
10.575,VehicleControllerBP_C_0,0,1,V_1_C_0,1,1,AutonomousProxy,Authority,122.3,0.000,0.760,-0.583,-2490.9,526.8,55.1,0.0,0.0,0.0,0.0,3,3,583.0,401.0
12.291,VehicleControllerBP_C_1,1,0,V_1_C_1,1,1,Authority,AutonomousProxy,104.6,0.000,0.000,0.000,-2490.9,526.8,55.1,0.0,0.0,0.0,0.0,4,4,405.0,589.0
12.291,VehicleControllerBP_C_0,1,1,V_1_C_0,1,0,Authority,SimulatedProxy,0.0,0.000,0.000,0.000,-2490.9,1686.8,55.1,0.0,0.0,0.0,0.0,0,0,0.0,0.0
10.703,VehicleControllerBP_C_0,0,1,V_1_C_0,1,1,AutonomousProxy,Authority,122.3,0.000,0.883,-0.076,-2490.9,526.8,55.1,0.0,0.0,0.0,0.0,4,4,583.0,401.0
12.419,VehicleControllerBP_C_1,1,0,V_1_C_1,1,1,Authority,AutonomousProxy,104.6,0.000,0.000,0.000,-2490.9,526.8,55.1,0.0,0.0,0.0,0.0,5,5,405.0,589.0
12.419,VehicleControllerBP_C_0,1,1,V_1_C_0,1,0,Authority,SimulatedProxy,0.0,0.000,0.000,0.000,-2490.9,1686.8,55.1,0.0,0.0,0.0,0.0,0,0,0.0,0.0
10.831,VehicleControllerBP_C_0,0,1,V_1_C_0,1,1,AutonomousProxy,Authority,122.3,0.000,0.431,0.268,-2490.9,526.8,55.1,0.0,0.0,0.0,0.0,5,5,583.0,401.0
12.551,VehicleControllerBP_C_1,1,0,V_1_C_1,1,1,Authority,AutonomousProxy,104.6,0.000,0.000,0.000,-2490.9,526.8,55.1,0.0,0.0,0.0,0.0,6,6,405.0,589.0
12.551,VehicleControllerBP_C_0,1,1,V_1_C_0,1,0,Authority,SimulatedProxy,0.0,0.000,0.000,0.000,-2490.9,1686.8,55.1,0.0,0.0,0.0,0.0,0,0,0.0,0.0
10.963,VehicleControllerBP_C_0,0,1,V_1_C_0,1,1,AutonomousProxy,Authority,122.3,0.396,0.000,0.510,-2490.9,526.8,55.1,0.0,0.0,0.0,0.0,6,6,583.0,401.0
12.681,VehicleControllerBP_C_1,1,0,V_1_C_1,1,1,Authority,AutonomousProxy,104.6,0.000,0.000,0.000,-2490.9,526.8,55.1,0.0,0.0,0.0,0.0,7,7,405.0,589.0
12.681,VehicleControllerBP_C_0,1,1,V_1_C_0,1,0,Authority,SimulatedProxy,0.0,0.000,0.000,0.000,-2490.9,1686.8,55.1,0.0,0.0,0.0,0.0,0,0,0.0,0.0
11.092,VehicleControllerBP_C_0,0,1,V_1_C_0,1,1,AutonomousProxy,Authority,122.3,0.630,0.000,0.022,-2490.9,526.8,55.1,0.0,0.0,0.0,0.0,7,7,583.0,401.0
12.814,VehicleControllerBP_C_1,1,0,V_1_C_1,1,1,Authority,AutonomousProxy,104.6,0.000,0.000,0.000,-2490.9,526.8,55.1,0.0,0.0,0.0,0.0,8,8,405.0,589.0
12.814,VehicleControllerBP_C_0,1,1,V_1_C_0,1,0,Authority,SimulatedProxy,0.0,0.000,0.000,0.000,-2490.9,1686.8,55.1,0.0,0.0,0.0,0.0,0,0,0.0,0.0
11.226,VehicleControllerBP_C_0,0,1,V_1_C_0,1,1,AutonomousProxy,Authority,122.3,0.778,0.000,-0.320,-2490.9,526.8,55.1,0.0,0.0,0.0,0.0,8,8,583.0,401.0
12.941,VehicleControllerBP_C_1,1,0,V_1_C_1,1,1,Authority,AutonomousProxy,104.6,0.000,0.000,0.000,-2490.9,526.8,55.1,0.0,0.0,0.0,0.0,1,1,412.0,598.0
12.941,VehicleControllerBP_C_0,1,1,V_1_C_0,1,0,Authority,SimulatedProxy,0.0,0.000,0.000,0.000,-2490.9,1686.8,55.1,0.0,0.0,0.0,0.0,0,0,0.0,0.0
11.352,VehicleControllerBP_C_0,0,1,V_1_C_0,1,1,AutonomousProxy,Authority,122.3,0.483,0.000,-0.219,-2490.9,526.8,55.1,0.0,0.0,0.0,0.0,1,1,603.0,415.0
13.068,VehicleControllerBP_C_1,1,0,V_1_C_1,1,1,Authority,AutonomousProxy,104.6,0.000,0.000,0.000,-2490.9,526.8,55.1,0.0,0.0,0.0,0.0,2,2,412.0,598.0
13.068,VehicleControllerBP_C_0,1,1,V_1_C_0,1,0,Authority,SimulatedProxy,0.0,0.000,0.000,0.000,-2490.9,1686.8,55.1,0.0,0.0,0.0,0.0,0,0,0.0,0.0
11.479,VehicleControllerBP_C_0,0,1,V_1_C_0,1,1,AutonomousProxy,Authority,123.5,0.299,0.000,-0.149,-2490.9,526.8,55.1,0.0,0.0,0.0,0.0,2,2,603.0,415.0
13.201,VehicleControllerBP_C_1,1,0,V_1_C_1,1,1,Authority,AutonomousProxy,103.8,0.000,0.000,0.000,-2490.9,526.8,55.1,0.0,0.0,0.0,0.0,3,3,412.0,598.0
13.201,VehicleControllerBP_C_0,1,1,V_1_C_0,1,0,Authority,SimulatedProxy,0.0,0.000,0.000,0.000,-2490.9,1686.8,55.1,0.0,0.0,0.0,0.0,0,0,0.0,0.0
11.613,VehicleControllerBP_C_0,0,1,V_1_C_0,1,1,AutonomousProxy,Authority,123.5,0.179,0.000,-0.099,-2490.9,526.8,55.1,0.0,0.0,0.0,0.0,3,3,603.0,415.0
